[{
	"model": "auth.permission",
	"pk": 1,
	"fields": {
		"name": "Can add log entry",
		"content_type": 1,
		"codename": "add_logentry"
	}
}, {
	"model": "auth.permission",
	"pk": 2,
	"fields": {
		"name": "Can change log entry",
		"content_type": 1,
		"codename": "change_logentry"
	}
}, {
	"model": "auth.permission",
	"pk": 3,
	"fields": {
		"name": "Can delete log entry",
		"content_type": 1,
		"codename": "delete_logentry"
	}
}, {
	"model": "auth.permission",
	"pk": 4,
	"fields": {
		"name": "Can view log entry",
		"content_type": 1,
		"codename": "view_logentry"
	}
}, {
	"model": "auth.permission",
	"pk": 5,
	"fields": {
		"name": "Can add permission",
		"content_type": 2,
		"codename": "add_permission"
	}
}, {
	"model": "auth.permission",
	"pk": 6,
	"fields": {
		"name": "Can change permission",
		"content_type": 2,
		"codename": "change_permission"
	}
}, {
	"model": "auth.permission",
	"pk": 7,
	"fields": {
		"name": "Can delete permission",
		"content_type": 2,
		"codename": "delete_permission"
	}
}, {
	"model": "auth.permission",
	"pk": 8,
	"fields": {
		"name": "Can view permission",
		"content_type": 2,
		"codename": "view_permission"
	}
}, {
	"model": "auth.permission",
	"pk": 9,
	"fields": {
		"name": "Can add group",
		"content_type": 3,
		"codename": "add_group"
	}
}, {
	"model": "auth.permission",
	"pk": 10,
	"fields": {
		"name": "Can change group",
		"content_type": 3,
		"codename": "change_group"
	}
}, {
	"model": "auth.permission",
	"pk": 11,
	"fields": {
		"name": "Can delete group",
		"content_type": 3,
		"codename": "delete_group"
	}
}, {
	"model": "auth.permission",
	"pk": 12,
	"fields": {
		"name": "Can view group",
		"content_type": 3,
		"codename": "view_group"
	}
}, {
	"model": "auth.permission",
	"pk": 13,
	"fields": {
		"name": "Can add user",
		"content_type": 4,
		"codename": "add_user"
	}
}, {
	"model": "auth.permission",
	"pk": 14,
	"fields": {
		"name": "Can change user",
		"content_type": 4,
		"codename": "change_user"
	}
}, {
	"model": "auth.permission",
	"pk": 15,
	"fields": {
		"name": "Can delete user",
		"content_type": 4,
		"codename": "delete_user"
	}
}, {
	"model": "auth.permission",
	"pk": 16,
	"fields": {
		"name": "Can view user",
		"content_type": 4,
		"codename": "view_user"
	}
}, {
	"model": "auth.permission",
	"pk": 17,
	"fields": {
		"name": "Can add content type",
		"content_type": 5,
		"codename": "add_contenttype"
	}
}, {
	"model": "auth.permission",
	"pk": 18,
	"fields": {
		"name": "Can change content type",
		"content_type": 5,
		"codename": "change_contenttype"
	}
}, {
	"model": "auth.permission",
	"pk": 19,
	"fields": {
		"name": "Can delete content type",
		"content_type": 5,
		"codename": "delete_contenttype"
	}
}, {
	"model": "auth.permission",
	"pk": 20,
	"fields": {
		"name": "Can view content type",
		"content_type": 5,
		"codename": "view_contenttype"
	}
}, {
	"model": "auth.permission",
	"pk": 21,
	"fields": {
		"name": "Can add session",
		"content_type": 6,
		"codename": "add_session"
	}
}, {
	"model": "auth.permission",
	"pk": 22,
	"fields": {
		"name": "Can change session",
		"content_type": 6,
		"codename": "change_session"
	}
}, {
	"model": "auth.permission",
	"pk": 23,
	"fields": {
		"name": "Can delete session",
		"content_type": 6,
		"codename": "delete_session"
	}
}, {
	"model": "auth.permission",
	"pk": 24,
	"fields": {
		"name": "Can view session",
		"content_type": 6,
		"codename": "view_session"
	}
}, {
	"model": "auth.permission",
	"pk": 25,
	"fields": {
		"name": "Can add fase",
		"content_type": 7,
		"codename": "add_fase"
	}
}, {
	"model": "auth.permission",
	"pk": 26,
	"fields": {
		"name": "Can change fase",
		"content_type": 7,
		"codename": "change_fase"
	}
}, {
	"model": "auth.permission",
	"pk": 27,
	"fields": {
		"name": "Can delete fase",
		"content_type": 7,
		"codename": "delete_fase"
	}
}, {
	"model": "auth.permission",
	"pk": 28,
	"fields": {
		"name": "Can view fase",
		"content_type": 7,
		"codename": "view_fase"
	}
}, {
	"model": "auth.permission",
	"pk": 29,
	"fields": {
		"name": "Can add proyecto",
		"content_type": 8,
		"codename": "add_proyecto"
	}
}, {
	"model": "auth.permission",
	"pk": 30,
	"fields": {
		"name": "Can change proyecto",
		"content_type": 8,
		"codename": "change_proyecto"
	}
}, {
	"model": "auth.permission",
	"pk": 31,
	"fields": {
		"name": "Can delete proyecto",
		"content_type": 8,
		"codename": "delete_proyecto"
	}
}, {
	"model": "auth.permission",
	"pk": 32,
	"fields": {
		"name": "Can view proyecto",
		"content_type": 8,
		"codename": "view_proyecto"
	}
}, {
	"model": "auth.permission",
	"pk": 33,
	"fields": {
		"name": "Can add rol",
		"content_type": 9,
		"codename": "add_rol"
	}
}, {
	"model": "auth.permission",
	"pk": 34,
	"fields": {
		"name": "Can change rol",
		"content_type": 9,
		"codename": "change_rol"
	}
}, {
	"model": "auth.permission",
	"pk": 35,
	"fields": {
		"name": "Can delete rol",
		"content_type": 9,
		"codename": "delete_rol"
	}
}, {
	"model": "auth.permission",
	"pk": 36,
	"fields": {
		"name": "Can view rol",
		"content_type": 9,
		"codename": "view_rol"
	}
}, {
	"model": "auth.permission",
	"pk": 37,
	"fields": {
		"name": "Can add tipo item",
		"content_type": 10,
		"codename": "add_tipoitem"
	}
}, {
	"model": "auth.permission",
	"pk": 38,
	"fields": {
		"name": "Can change tipo item",
		"content_type": 10,
		"codename": "change_tipoitem"
	}
}, {
	"model": "auth.permission",
	"pk": 39,
	"fields": {
		"name": "Can delete tipo item",
		"content_type": 10,
		"codename": "delete_tipoitem"
	}
}, {
	"model": "auth.permission",
	"pk": 40,
	"fields": {
		"name": "Can view tipo item",
		"content_type": 10,
		"codename": "view_tipoitem"
	}
}, {
	"model": "auth.permission",
	"pk": 41,
	"fields": {
		"name": "Can add usuario",
		"content_type": 11,
		"codename": "add_usuario"
	}
}, {
	"model": "auth.permission",
	"pk": 42,
	"fields": {
		"name": "Can change usuario",
		"content_type": 11,
		"codename": "change_usuario"
	}
}, {
	"model": "auth.permission",
	"pk": 43,
	"fields": {
		"name": "Can delete usuario",
		"content_type": 11,
		"codename": "delete_usuario"
	}
}, {
	"model": "auth.permission",
	"pk": 44,
	"fields": {
		"name": "Can view usuario",
		"content_type": 11,
		"codename": "view_usuario"
	}
}, {
	"model": "auth.permission",
	"pk": 45,
	"fields": {
		"name": "Can add rol proyecto",
		"content_type": 12,
		"codename": "add_rolproyecto"
	}
}, {
	"model": "auth.permission",
	"pk": 46,
	"fields": {
		"name": "Can change rol proyecto",
		"content_type": 12,
		"codename": "change_rolproyecto"
	}
}, {
	"model": "auth.permission",
	"pk": 47,
	"fields": {
		"name": "Can delete rol proyecto",
		"content_type": 12,
		"codename": "delete_rolproyecto"
	}
}, {
	"model": "auth.permission",
	"pk": 48,
	"fields": {
		"name": "Can view rol proyecto",
		"content_type": 12,
		"codename": "view_rolproyecto"
	}
}, {
	"model": "auth.permission",
	"pk": 49,
	"fields": {
		"name": "Can add rol fase",
		"content_type": 13,
		"codename": "add_rolfase"
	}
}, {
	"model": "auth.permission",
	"pk": 50,
	"fields": {
		"name": "Can change rol fase",
		"content_type": 13,
		"codename": "change_rolfase"
	}
}, {
	"model": "auth.permission",
	"pk": 51,
	"fields": {
		"name": "Can delete rol fase",
		"content_type": 13,
		"codename": "delete_rolfase"
	}
}, {
	"model": "auth.permission",
	"pk": 52,
	"fields": {
		"name": "Can view rol fase",
		"content_type": 13,
		"codename": "view_rolfase"
	}
}, {
	"model": "auth.permission",
	"pk": 53,
	"fields": {
		"name": "Can add campo",
		"content_type": 14,
		"codename": "add_campo"
	}
}, {
	"model": "auth.permission",
	"pk": 54,
	"fields": {
		"name": "Can change campo",
		"content_type": 14,
		"codename": "change_campo"
	}
}, {
	"model": "auth.permission",
	"pk": 55,
	"fields": {
		"name": "Can delete campo",
		"content_type": 14,
		"codename": "delete_campo"
	}
}, {
	"model": "auth.permission",
	"pk": 56,
	"fields": {
		"name": "Can view campo",
		"content_type": 14,
		"codename": "view_campo"
	}
}, {
	"model": "auth.permission",
	"pk": 57,
	"fields": {
		"name": "Can add comite",
		"content_type": 15,
		"codename": "add_comite"
	}
}, {
	"model": "auth.permission",
	"pk": 58,
	"fields": {
		"name": "Can change comite",
		"content_type": 15,
		"codename": "change_comite"
	}
}, {
	"model": "auth.permission",
	"pk": 59,
	"fields": {
		"name": "Can delete comite",
		"content_type": 15,
		"codename": "delete_comite"
	}
}, {
	"model": "auth.permission",
	"pk": 60,
	"fields": {
		"name": "Can view comite",
		"content_type": 15,
		"codename": "view_comite"
	}
}, {
	"model": "auth.permission",
	"pk": 61,
	"fields": {
		"name": "Can add item",
		"content_type": 16,
		"codename": "add_item"
	}
}, {
	"model": "auth.permission",
	"pk": 62,
	"fields": {
		"name": "Can change item",
		"content_type": 16,
		"codename": "change_item"
	}
}, {
	"model": "auth.permission",
	"pk": 63,
	"fields": {
		"name": "Can delete item",
		"content_type": 16,
		"codename": "delete_item"
	}
}, {
	"model": "auth.permission",
	"pk": 64,
	"fields": {
		"name": "Can view item",
		"content_type": 16,
		"codename": "view_item"
	}
}, {
	"model": "auth.permission",
	"pk": 65,
	"fields": {
		"name": "Can add version",
		"content_type": 17,
		"codename": "add_version"
	}
}, {
	"model": "auth.permission",
	"pk": 66,
	"fields": {
		"name": "Can change version",
		"content_type": 17,
		"codename": "change_version"
	}
}, {
	"model": "auth.permission",
	"pk": 67,
	"fields": {
		"name": "Can delete version",
		"content_type": 17,
		"codename": "delete_version"
	}
}, {
	"model": "auth.permission",
	"pk": 68,
	"fields": {
		"name": "Can view version",
		"content_type": 17,
		"codename": "view_version"
	}
}, {
	"model": "auth.permission",
	"pk": 69,
	"fields": {
		"name": "Can add valor personalizado",
		"content_type": 18,
		"codename": "add_valorpersonalizado"
	}
}, {
	"model": "auth.permission",
	"pk": 70,
	"fields": {
		"name": "Can change valor personalizado",
		"content_type": 18,
		"codename": "change_valorpersonalizado"
	}
}, {
	"model": "auth.permission",
	"pk": 71,
	"fields": {
		"name": "Can delete valor personalizado",
		"content_type": 18,
		"codename": "delete_valorpersonalizado"
	}
}, {
	"model": "auth.permission",
	"pk": 72,
	"fields": {
		"name": "Can view valor personalizado",
		"content_type": 18,
		"codename": "view_valorpersonalizado"
	}
}, {
	"model": "auth.permission",
	"pk": 73,
	"fields": {
		"name": "Can add linea base",
		"content_type": 19,
		"codename": "add_lineabase"
	}
}, {
	"model": "auth.permission",
	"pk": 74,
	"fields": {
		"name": "Can change linea base",
		"content_type": 19,
		"codename": "change_lineabase"
	}
}, {
	"model": "auth.permission",
	"pk": 75,
	"fields": {
		"name": "Can delete linea base",
		"content_type": 19,
		"codename": "delete_lineabase"
	}
}, {
	"model": "auth.permission",
	"pk": 76,
	"fields": {
		"name": "Can view linea base",
		"content_type": 19,
		"codename": "view_lineabase"
	}
}, {
	"model": "auth.permission",
	"pk": 77,
	"fields": {
		"name": "Can add relacion",
		"content_type": 20,
		"codename": "add_relacion"
	}
}, {
	"model": "auth.permission",
	"pk": 78,
	"fields": {
		"name": "Can change relacion",
		"content_type": 20,
		"codename": "change_relacion"
	}
}, {
	"model": "auth.permission",
	"pk": 79,
	"fields": {
		"name": "Can delete relacion",
		"content_type": 20,
		"codename": "delete_relacion"
	}
}, {
	"model": "auth.permission",
	"pk": 80,
	"fields": {
		"name": "Can view relacion",
		"content_type": 20,
		"codename": "view_relacion"
	}
}, {
	"model": "auth.permission",
	"pk": 81,
	"fields": {
		"name": "Can add solicitud",
		"content_type": 21,
		"codename": "add_solicitud"
	}
}, {
	"model": "auth.permission",
	"pk": 82,
	"fields": {
		"name": "Can change solicitud",
		"content_type": 21,
		"codename": "change_solicitud"
	}
}, {
	"model": "auth.permission",
	"pk": 83,
	"fields": {
		"name": "Can delete solicitud",
		"content_type": 21,
		"codename": "delete_solicitud"
	}
}, {
	"model": "auth.permission",
	"pk": 84,
	"fields": {
		"name": "Can view solicitud",
		"content_type": 21,
		"codename": "view_solicitud"
	}
}, {
	"model": "auth.group",
	"pk": 1,
	"fields": {
		"name": "Administrador",
		"permissions": [29, 30, 31, 32, 33, 34, 35, 36, 41, 42, 43, 44]
	}
}, {
	"model": "auth.group",
	"pk": 2,
	"fields": {
		"name": "Gerente",
		"permissions": [57, 58, 59, 60, 25, 26, 27, 28, 76, 30, 31, 32, 80, 36, 45, 46, 47, 48, 81, 44]
	}
}, {
	"model": "auth.group",
	"pk": 3,
	"fields": {
		"name": "Usuario",
		"permissions": []
	}
}, {
	"model": "auth.group",
	"pk": 4,
	"fields": {
		"name": "Miembro",
		"permissions": [60, 28, 76, 32, 80, 48, 81, 44]
	}
}, {
	"model": "auth.group",
	"pk": 5,
	"fields": {
		"name": "QA",
		"permissions": [53, 54, 55, 56, 26, 27, 28, 61, 62, 63, 64, 73, 74, 75, 76, 77, 78, 79, 80, 49, 50, 51, 52, 81, 44, 37, 38, 39, 40, 69, 70, 71, 72, 65, 66, 67, 68]
	}
}, {
	"model": "auth.group",
	"pk": 6,
	"fields": {
		"name": "Desarrollador",
		"permissions": [28, 61, 62, 63, 64, 76, 77, 78, 79, 80, 52, 81, 40, 69, 70, 71, 72, 65, 68]
	}
}, {
	"model": "auth.user",
	"pk": 1,
	"fields": {
		"password": "pbkdf2_sha256$180000$8oRA5gLj3Rb2$SjintUiAKJ7r1OszpqDoiixkJBpVlOkD76aO14je53U=",
		"last_login": null,
		"is_superuser": true,
		"username": "testing",
		"first_name": "testing",
		"last_name": "",
		"email": "test@is2.com",
		"is_staff": true,
		"is_active": true,
		"date_joined": "2019-05-07T13:37:27.873Z",
		"groups": [1],
		"user_permissions": []
	}
}, {
	"model": "auth.user",
	"pk": 2,
	"fields": {
		"password": "pbkdf2_sha256$180000$88PqmYJMypqW$ysJU5A6zSH9kZra3vXNpCONBI2W2ic8JvuaJr9NkWgs=",
		"last_login": null,
		"is_superuser": false,
		"username": "1597802443nereaortiz",
		"first_name": "Nerea Ortiz",
		"last_name": "",
		"email": "nmoortiz@gmail.com",
		"is_staff": false,
		"is_active": true,
		"date_joined": "2020-08-19T02:00:43.101Z",
		"groups": [1],
		"user_permissions": []
	}
}, {
	"model": "auth.user",
	"pk": 3,
	"fields": {
		"password": "pbkdf2_sha256$180000$sV0PISogAMdc$Ppn5mGT2405+zUZWJtnAI6XWslD+WPY6UKuiW7Pz0C0=",
		"last_login": null,
		"is_superuser": false,
		"username": "1597727531ram\u00f3nperdomo",
		"first_name": "Ram\u00f3n Perdomo",
		"last_name": "",
		"email": "rperdomorivas@gmail.com",
		"is_staff": false,
		"is_active": true,
		"date_joined": "2020-08-18T05:12:11.068Z",
		"groups": [1],
		"user_permissions": []
	}
}, {
	"model": "auth.user",
	"pk": 4,
	"fields": {
		"password": "pbkdf2_sha256$180000$mbsKh23Pf62r$stx70Ued/F3Y4kt8h+pKhQelnuyuO+AexloUaNIaXdM=",
		"last_login": null,
		"is_superuser": false,
		"username": "1585923527sebascane",
		"first_name": "Sebas Cane",
		"last_name": "",
		"email": "canesi12@gmail.com",
		"is_staff": false,
		"is_active": true,
		"date_joined": "2020-04-03T14:18:47.378Z",
		"groups": [1],
		"user_permissions": []
	}
}, {
	"model": "auth.user",
	"pk": 5,
	"fields": {
		"password": "pbkdf2_sha256$180000$Cez90hKrfxxS$LU7SuhZ5O/3V1EaxuB9uZw7Zgx0JCRQjoEbqE/qNP+U=",
		"last_login": null,
		"is_superuser": false,
		"username": "1597639676isaacgabrielamarillabenitez",
		"first_name": "Isaac Gabriel Amarilla Ben\u00edtez",
		"last_name": "",
		"email": "sc.amarilla@fpuna.edu.py",
		"is_staff": false,
		"is_active": true,
		"date_joined": "2020-08-17T04:47:56.345Z",
		"groups": [1],
		"user_permissions": []
	}
}, {
	"model": "api.usuario",
	"pk": 1,
	"fields": {
		"user": 2,
		"estado": "A",
		"firebase_uid": "MaTIAjUqtrfDNLAfMXss372opk43"
	}
}, {
	"model": "api.usuario",
	"pk": 2,
	"fields": {
		"user": 3,
		"estado": "A",
		"firebase_uid": "VlihkFqMhSQFORNhNljU4m9bzcx2"
	}
}, {
	"model": "api.usuario",
	"pk": 3,
	"fields": {
		"user": 4,
		"estado": "A",
		"firebase_uid": "Rgk6hPwrAmVTy67xFJ06QyVMqnG2"
	}
}, {
	"model": "api.usuario",
	"pk": 4,
	"fields": {
		"user": 5,
		"estado": "A",
		"firebase_uid": "vdkwmDEdfGVbKMF5AuU3MpUXKv62"
	}
}, {
	"model": "api.usuario",
	"pk": 5,
	"fields": {
		"user": 1,
		"estado": "A",
		"firebase_uid": "wsRKZ9BSAFaTBQIEW8qAPriucDS2"
	}
}, {
	"model": "api.rol",
	"pk": 1,
	"fields": {
		"tipo": "S",
		"group": 1
	}
}, {
	"model": "api.rol",
	"pk": 2,
	"fields": {
		"tipo": "P",
		"group": 2
	}
}, {
	"model": "api.rol",
	"pk": 3,
	"fields": {
		"tipo": "S",
		"group": 3
	}
}, {
	"model": "api.rol",
	"pk": 4,
	"fields": {
		"tipo": "P",
		"group": 4
	}
}, {
	"model": "api.rol",
	"pk": 5,
	"fields": {
		"tipo": "F",
		"group": 5
	}
}, {
	"model": "api.rol",
	"pk": 6,
	"fields": {
		"tipo": "F",
		"group": 6
	}
}, {
	"model": "api.proyecto",
	"pk": 1,
	"fields": {
		"nombre": "Proyecto 1",
		"estado": "I",
		"duracion": 40,
		"gerente": 1,
		"fecha_inicio": "2020-10-20",
		"miembros": []
	}
}, {
	"model": "api.comite",
	"pk": 1,
	"fields": {
		"miembros": 1,
		"proyecto": 1
	}
}, {
	"model": "api.comite",
	"pk": 2,
	"fields": {
		"miembros": 2,
		"proyecto": 1
	}
}, {
	"model": "api.comite",
	"pk": 3,
	"fields": {
		"miembros": 4,
		"proyecto": 1
	}
}, {
	"model": "api.fase",
	"pk": 1,
	"fields": {
		"proyecto": 1,
		"nombre": "Fase 1",
		"estado": "A",
		"orden": 1
	}
}, {
	"model": "api.fase",
	"pk": 2,
	"fields": {
		"proyecto": 1,
		"nombre": "Fase 2",
		"estado": "A",
		"orden": 2
	}
}, {
	"model": "api.fase",
	"pk": 3,
	"fields": {
		"proyecto": 1,
		"nombre": "Fase 3",
		"estado": "A",
		"orden": 3
	}
}, {
	"model": "api.tipoitem",
	"pk": 1,
	"fields": {
		"nombre": "Tipo 1",
		"fase": 1
	}
}, {
	"model": "api.tipoitem",
	"pk": 2,
	"fields": {
		"nombre": "Tipo 2",
		"fase": 2
	}
}, {
	"model": "api.tipoitem",
	"pk": 3,
	"fields": {
		"nombre": "Tipo 3",
		"fase": 3
	}
}, {
	"model": "api.campo",
	"pk": 1,
	"fields": {
		"nombre": "Descripcion",
		"tipo_item": 1,
		"tipo_dato": "String"
	}
}, {
	"model": "api.campo",
	"pk": 2,
	"fields": {
		"nombre": "Cantidad",
		"tipo_item": 2,
		"tipo_dato": "Integer"
	}
}, {
	"model": "api.campo",
	"pk": 3,
	"fields": {
		"nombre": "Vencimiento",
		"tipo_item": 3,
		"tipo_dato": "Date"
	}
}, {
	"model": "api.rolproyecto",
	"pk": 1,
	"fields": {
		"rol": 2,
		"proyecto": 1,
		"usuario": 1
	}
}, {
	"model": "api.rolproyecto",
	"pk": 2,
	"fields": {
		"rol": 2,
		"proyecto": 1,
		"usuario": 2
	}
}, {
	"model": "api.rolproyecto",
	"pk": 3,
	"fields": {
		"rol": 2,
		"proyecto": 1,
		"usuario": 3
	}
}, {
	"model": "api.rolproyecto",
	"pk": 4,
	"fields": {
		"rol": 2,
		"proyecto": 1,
		"usuario": 4
	}
}, {
	"model": "api.rolfase",
	"pk": 1,
	"fields": {
		"fase": 1,
		"rol": 5,
		"usuario": 1
	}
}, {
	"model": "api.rolfase",
	"pk": 2,
	"fields": {
		"fase": 1,
		"rol": 5,
		"usuario": 2
	}
}, {
	"model": "api.rolfase",
	"pk": 3,
	"fields": {
		"fase": 1,
		"rol": 5,
		"usuario": 3
	}
}, {
	"model": "api.rolfase",
	"pk": 4,
	"fields": {
		"fase": 1,
		"rol": 5,
		"usuario": 4
	}
}, {
	"model": "api.rolfase",
	"pk": 5,
	"fields": {
		"fase": 2,
		"rol": 5,
		"usuario": 1
	}
}, {
	"model": "api.rolfase",
	"pk": 6,
	"fields": {
		"fase": 2,
		"rol": 5,
		"usuario": 2
	}
}, {
	"model": "api.rolfase",
	"pk": 7,
	"fields": {
		"fase": 2,
		"rol": 5,
		"usuario": 3
	}
}, {
	"model": "api.rolfase",
	"pk": 8,
	"fields": {
		"fase": 2,
		"rol": 5,
		"usuario": 4
	}
}, {
	"model": "api.rolfase",
	"pk": 9,
	"fields": {
		"fase": 3,
		"rol": 5,
		"usuario": 1
	}
}, {
	"model": "api.rolfase",
	"pk": 10,
	"fields": {
		"fase": 3,
		"rol": 5,
		"usuario": 2
	}
}, {
	"model": "api.rolfase",
	"pk": 11,
	"fields": {
		"fase": 3,
		"rol": 5,
		"usuario": 3
	}
}, {
	"model": "api.rolfase",
	"pk": 12,
	"fields": {
		"fase": 3,
		"rol": 5,
		"usuario": 4
	}
}]